{
  "distance_ft": [
    2,
    3,
    4,
    6,
    8,
    12,
    16
  ],
  "raw_mean": [
    0.30128682594745737,
    0.29166072674183535,
    0.28636413397906396,
    0.2826781026354299,
    0.2793022023116976,
    0.2787405708335807,
    0.2773641598720594
  ],
  "raw_std": [
    0.03261137665923611,
    0.014972162695982396,
    0.014628292314005179,
    0.014508830046688029,
    0.013561924990493707,
    0.013681266140233904,
    0.014278976809904694
  ],
  "corr_mean": [
    0.2921280753723836,
    0.28704842263024605,
    0.2833815441497827,
    0.27918474633360707,
    0.2774982216050171,
    0.27544292089644856,
    0.2760537115419568
  ],
  "corr_std": [
    0.013382288745613764,
    0.012576263518613861,
    0.012796607844274124,
    0.012330592088632568,
    0.012000770141773039,
    0.011528775877401145,
    0.012490256557597217
  ],
  "ml_mean": [
    0.29090325238959036,
    0.283162101325937,
    0.2793696391654173,
    0.2746721738981901,
    0.2728843128284662,
    0.26978901071303796,
    0.26939733718587755
  ],
  "ml_std": [
    0.012126930097963506,
    0.013568643280622994,
    0.013899786590202988,
    0.01350398320269385,
    0.01458037085112396,
    0.011944102632564754,
    0.012322667082360555
  ],
  "n_per_distance": [
    41,
    51,
    51,
    51,
    51,
    51,
    51
  ],
  "gt_nose_w_over_face_w": 0.2773641598720594,
  "gap_closed_fraction": [
    0.38284823882955976,
    0.32261620244928035,
    0.33139982335726187,
    0.6573944164214339,
    0.9308262140107285,
    2.395832370796713,
    0.0
  ],
  "gap_closed_fraction_ml": [
    0.43404750645854934,
    0.5944521851511861,
    0.7771683263180683,
    1.5065891925719332,
    3.3115319623390507,
    6.503551897500804,
    0.0
  ]
}