{
  "distance_ft": [
    2,
    3,
    4,
    6,
    8,
    12,
    16
  ],
  "raw_mean": [
    0.30058059873217735,
    0.29124481758214843,
    0.28544101344163797,
    0.28174810966251074,
    0.28055989070005516,
    0.28052119191596825,
    0.27860688094381153
  ],
  "raw_std": [
    0.03280027182601002,
    0.013166735087048877,
    0.013666999993130582,
    0.014236149162452819,
    0.012931579784888219,
    0.015264180820186808,
    0.013562908446788553
  ],
  "corr_mean": [
    0.296197181165337,
    0.28629130342267645,
    0.2830913277432275,
    0.27882512592153363,
    0.276994088836392,
    0.2759915467387581,
    0.27593650378559614
  ],
  "corr_std": [
    0.01611620022374898,
    0.013537999045051053,
    0.01213247706510291,
    0.012445159816128865,
    0.012697823639758094,
    0.012376463561975694,
    0.012606885988764053
  ],
  "n_per_distance": [
    41,
    51,
    51,
    51,
    51,
    51,
    51
  ],
  "gt_nose_w_over_face_w": 0.27860688094381153,
  "gap_closed_fraction": [
    0.19948456647428103,
    0.391955926131613,
    0.34381623405132866,
    0.9305224174149025,
    1.8257982850641525,
    2.366201334627953,
    0.0
  ]
}