{
  "none": {
    "mean_jitter_px": 4.071364402770996,
    "median_jitter_px": 2.323928117752075,
    "p95_jitter_px": 12.948502349853507,
    "n_frames": 300
  },
  "ema": {
    "mean_jitter_px": 3.2828376293182373,
    "median_jitter_px": 1.4843016862869263,
    "p95_jitter_px": 11.288325405120846,
    "n_frames": 300
  },
  "kalman": {
    "mean_jitter_px": 3.6936676502227783,
    "median_jitter_px": 1.702005386352539,
    "p95_jitter_px": 12.762018871307369,
    "n_frames": 300
  },
  "oneeuro": {
    "mean_jitter_px": 3.401517629623413,
    "median_jitter_px": 1.4416230916976929,
    "p95_jitter_px": 13.102610588073722,
    "n_frames": 300
  }
}